pair_id,file,A_title,A_description,B_title,B_description,same_issue(y/n),annotator_note
P01,"apps/activitypub/src/hooks/use-activity-pub-queries.ts","Incomplete cache invalidation comment","The `useConfirmBlueskyHandleMutationForUser` function contains a comment `// Note: Missing invalidation of accountFollows query that should happen here` but the invalidation is not implemented. This is a known gap that could cause stale data.","Inconsistent error handling in confirmBlueskyHandle mutation","The `useConfirmBlueskyHandleMutationForUser` has an `onError` handler that checks for `error.statusCode === 429`, but the error type annotation `{message: string, statusCode: number}` is not validated. If the error object has a different structure, this could fail silently.",,
P02,"apps/comments-ui/src/components/content/forms/form.tsx","Removed fallback for memberName may affect anonymous users","The previous logic member?.name ?? comment?.member?.name provided a fallback name from the comment's author when the current member had no name. Removing this fallback could affect UX for anonymous or unnamed users, though the new behavior (showing no name) might be intentional as per the fix. Ensure this aligns with product requirements.","Unsafe property access on potentially null object","The change from `!!openForm?.in_reply_to_snippet` to `!!openForm.in_reply_to_snippet` removes the optional chaining operator. If `openForm` is null or undefined, this will throw a TypeError at runtime. The optional chaining was there for a reason and should not be removed without explicit null-checking.",,
P03,"apps/posts/src/views/comments/components/comments-list.tsx","Date formatting regex may be fragile","The regex assumes a specific date format (comma between day and year) which may not hold for all locales, potentially breaking the formatting.","Potential memory leak in useEffect","The `useEffect` in `CommentContent` adds a resize event listener but only removes it on cleanup. However, the effect has no dependencies array, which means it runs on every render. This could lead to multiple event listeners being added if the component re-renders frequently.",,
P04,"apps/posts/src/views/comments/components/comments-list.tsx","Missing HTML sanitization for user-generated content","The comment HTML is rendered directly via `dangerouslySetInnerHTML` without any sanitization. This could allow XSS attacks if malicious HTML is stored in comments.","Potential memory leak in useEffect","The `useEffect` in `CommentContent` adds a resize event listener but only removes it on cleanup. However, the effect has no dependencies array, which means it runs on every render. This could lead to multiple event listeners being added if the component re-renders frequently.",,
P05,"apps/posts/src/views/comments/components/comments-list.tsx","Missing delete functionality","The delete comment functionality has been removed from the dropdown menu. Previously there was a delete option with confirmation dialog, but now the dropdown only contains 'View post' and 'View member' links. This breaks expected admin functionality.","Missing type annotation","The type of the `commentToDelete` state is not explicitly annotated.",,
P06,"apps/posts/src/views/comments/components/comments-list.tsx","Missing onAddFilter null check","The onAddFilter prop changed from optional to required (removed ?), but there's no null check before calling it in onClick handlers. This could cause runtime errors if component is used without this prop.","XSS vulnerability via dangerouslySetInnerHTML without sanitization","The CommentContent component renders user-generated HTML content using dangerouslySetInnerHTML without any visible sanitization. If item.html contains malicious scripts or event handlers, they could execute in the admin context. This is particularly risky in an admin panel where users may have elevated privileges.",,
P07,"apps/posts/src/views/comments/components/comments-list.tsx","Regex pattern in formatDate may not handle all date formats","The regex pattern `/(\d+),(\s+\d{4})/` assumes a specific date format with a comma before the year. While this works for 'en-US' locale, if the locale changes or the date format varies, this regex may not match correctly, leaving the comma in place.","Unused import","The `forwardRef` import is not used in the file.",,
P08,"apps/shade/src/components/ui/filters.tsx","Empty UI labels break accessibility and usability","Setting `addFilterTitle` to an empty string removes the title attribute/tooltip, reducing accessibility and user guidance.","Missing `selectedOptionsClassName` in field config interface","The `selectedOptionsClassName` property is used in `stats-filter.tsx` but not declared in the `FilterFieldConfig` interface. This could cause TypeScript errors if the interface is strictly enforced.",,
P09,"apps/shade/src/components/ui/filters.tsx","Empty default labels may harm accessibility","Setting `addFilter` and `addFilterTitle` to empty strings removes screen reader text, potentially making the UI less accessible.","Search input not cleared when popover closes via auto-close","When `autoCloseOnSelect` triggers `onClose`, the search input is not cleared because `handleClose` (which clears it) is not called. This leaves stale search text if the popover reopens.",,
P10,"apps/shade/src/components/ui/filters.tsx","Operator display styling change may affect layout","The operator display div changes from `border-x px-3` to `self-stretch border border-r-[0px] px-2`. The `self-stretch` and border changes may affect vertical alignment and spacing in the filter row. The `border-r-[0px]` is unusual and may not render as intended.","Unnecessary change from const to var","The variable `newValues` is changed from `const` to `var`. This is a code quality regression that removes block scoping and introduces unnecessary hoisting behavior. The variable is only used within the if block and should remain `const`.",,
P11,"ghost/core/core/boot.js","Missing comma after emailAddressService.init()","A trailing comma is left after emailAddressService.init() which will cause a syntax error in JavaScript.","Removed slack.listen() initialization","The slack.listen() call is removed from the Promise.all array, but the slack service is still imported. This may mean the Slack service is no longer being started, which could be intentional (if the service is deprecated) or an oversight.",,
P12,"ghost/core/core/server/services/email-service/DomainWarmingService.ts","Hard-coded configuration limits flexibility","The warmup configuration is hard-coded as DefaultWarmupOptions. There's no way to override it via constructor or configuration, making it difficult to adjust the warmup schedule for different environments or requirements.","Returning Infinity as a limit may cause downstream issues","The method returns `Infinity` when the warmup period is complete (line 85: `return Infinity`). This is mathematically correct but may cause unexpected behavior in downstream code that doesn't explicitly handle unbounded values. For example, code that uses this limit in arithmetic operations, comparisons, or database queries may behave unexpectedly.",,
P13,"ghost/core/core/server/services/email-service/DomainWarmingService.ts","Missing error handling for date parsing","The code assumes that res.data[0].get('created_at') is a valid date string. If it's null, undefined, or malformed, new Date() will produce an invalid date, leading to NaN in the calculation. This could cause unexpected behavior in the warmup limit calculation.","Missing validation for warmup configuration values","The `#warmupConfig` is assigned `DefaultWarmupOptions` without validation. If `start >= end` or `totalDays <= 1`, the formula will produce invalid results (negative exponents, division by zero, or NaN). There is no guard against invalid configuration.",,
P14,"ghost/core/core/server/services/members/members-api/repositories/MemberRepository.js","Potential config validation missing","The condition now allows welcome emails if either config is set OR source is in allowed list. This could enable welcome emails unexpectedly if config is set to a falsy value (like empty string) but source is allowed. The config value is not validated for format (e.g., email address).","Removed labsService dependency without updating all callers","The PR removes the `labsService` parameter from the MemberRepository constructor (evident from test changes), but the code still references `this._labsService` in the original logic. The new code uses `config.get()` instead, but this is a breaking change. The unit tests show that `labsService` is being removed from constructor calls, which means existing code instantiating MemberRepository with `labsService` will break.",,
P15,"src/Components/Web.JS/src/Rendering/JSRootComponents.ts","Initializers called only once despite potential multiple renderer instances","The `hasInitializedJsComponents` flag prevents initializers from being called more than once globally. However, if different renderer types (Server vs WebAssembly) are used on the same page, they may have different sets of JS component initializers. The current logic will skip initialization for the second renderer type, potentially leaving its components uninitialized.","Stale manager reference not cleared on re-enablement","When a new circuit starts (same renderer ID), the old manager reference is overwritten without being disposed. The comment states that disposing would cause JSDisconnectedException, but the old manager object may still be referenced elsewhere, leading to potential use-after-free or incorrect behavior if the old manager is used.",,
P16,"src/Components/test/E2ETest/ServerRenderingTests/RedirectionTest.cs","AppContext.SetSwitch logic inverted","The AppContext.SetSwitch value was changed from `false` to `true`. The test is named 'NavigationException_InAsyncContext_DoesNotBecomeUnobservedTaskException', suggesting it tests behavior when exceptions are NOT thrown. Setting the switch to `true` (DisableThrowNavigationException=true) aligns with the test name, but this is a logic inversion from the previous `false` value. This change may be intentional, but it fundamentally alters test behavior.","Test initialization order changed","In InitializeAsync(), the order of operations was changed: `Navigate()` was moved after `Browser.Exists()`. Previously, Navigate was called first, then the element was retrieved. Now the element is retrieved before navigation. This could cause the test to fail if the element doesn't exist before navigation, or if the element reference becomes stale.",,
P17,"apps/activitypub/src/views/Preferences/components/BlueskySharing.tsx","Missing dependency in useEffect","The useEffect depends on confirmHandle but confirmHandle is created with useCallback and has an empty dependency array. While mutations are generally stable, this could lead to stale closures if the mutation implementation changes.","Potential memory leak in effect cleanup","The effect sets an interval that calls confirmHandle, which performs a mutation. If the component unmounts while a mutation is in flight, React may warn about updates on unmounted components.",,
P18,"apps/activitypub/src/views/Preferences/components/BlueskySharing.tsx","Missing error handling in enable mutation","The enableBlueskyMutation.mutateAsync() call is not wrapped in a try-catch block, so errors from the enable operation won't be handled locally. The user might not receive feedback if the enable request fails.","Missing loading state reset on error","If enableBlueskyMutation.mutateAsync() throws an error, the loading state remains true and the UI may be stuck. The error handling in the mutation's onError doesn't reset the component's loading state.",,
P19,"apps/activitypub/src/views/Preferences/components/BlueskySharing.tsx","Potential memory leak in effect cleanup","The effect sets an interval that calls confirmHandle, which performs a mutation. If the component unmounts while a mutation is in flight, React may warn about updates on unmounted components.","Stale closure risk in useEffect dependencies","The useEffect dependency array includes confirmHandle, which is created with useCallback but has an empty dependency array. This means confirmHandle never changes, but the linter comment suggests uncertainty. If confirmHandle actually depends on external values that change, this could cause stale data.",,
P20,"apps/activitypub/src/views/Preferences/components/BlueskySharing.tsx","Potential memory leak in interval cleanup","The interval is cleared in the cleanup function, but if the component unmounts while the interval is still running, the cleanup will run. However, there's a risk that confirmHandle (which calls a mutation) could attempt to update state after unmount if the interval fires during cleanup.","Race condition in polling logic","The polling interval calls `confirmHandle()` asynchronously without awaiting it. If the mutation takes longer than the interval (5 seconds), multiple concurrent requests could be in flight. The retry counter is incremented before the async operation completes, so the max retry check may not work as intended.",,
P21,"apps/posts/src/views/comments/components/comments-list.tsx","Commented out avatar image code","There's commented out code for AvatarImage component that would display member avatars. This suggests incomplete implementation or temporary removal.","Missing alt text for avatar images","The AvatarImage component is commented out, but when uncommented, it would need proper alt text for accessibility. The current alt text uses `item.member.name` which could be undefined.",,
P22,"apps/posts/src/views/comments/components/comments-list.tsx","Missing alt text for avatar images","The AvatarImage component is commented out, but when uncommented, it would need proper alt text for accessibility. The current alt text uses `item.member.name` which could be undefined.","Missing avatar image rendering","The avatar image rendering is commented out, leaving only a fallback icon. This may be intentional but reduces visual information.",,
P23,"apps/posts/src/views/comments/components/comments-list.tsx","Removed handleDeleteClick function but delete functionality may be broken","The handleDeleteClick function was removed, but the delete functionality appears to have been completely removed from the UI. The old code had a delete menu item that called handleDeleteClick, but the new code has no delete option in the dropdown menu. This removes a feature that was previously available.","Unused commentToDelete state","The commentToDelete state variable and associated confirmation dialog are still defined but no longer used since the delete functionality was removed. This creates dead code.",,
P24,"apps/shade/src/components/ui/filters.tsx","Empty UI labels break accessibility and usability","Setting `addFilterTitle` to an empty string removes the title attribute/tooltip, reducing accessibility and user guidance.","Empty UI labels break accessibility","Setting 'addFilter' and 'addFilterTitle' to empty strings removes visible labels, which can break accessibility (screen readers may not announce the button) and make the UI unclear for users.",,
P25,"apps/shade/src/components/ui/filters.tsx","Inconsistent state reset on popover close","Clearing search input on close is good, but it's only done in `SelectOptionsPopover`'s `handleClose`, not in other popovers (e.g., `FilterValueSelector`). This could lead to leftover search state.","Search input not cleared on popover close","The search input is cleared when the popover closes, but this may conflict with async search scenarios where the search query is managed externally. It could reset user input unexpectedly.",,
P26,"apps/shade/src/components/ui/filters.tsx","Search input not cleared in all close paths","The `handleClose` function now clears the search input, but the non-multiselect path at line 1276 calls `setOpen(false)` directly without calling `handleClose()`, so the search input won't be cleared in that case.","Search input not cleared on popover close","The search input is cleared when the popover closes, but this may conflict with async search scenarios where the search query is managed externally. It could reset user input unexpectedly.",,
P27,"apps/signup-form/src/utils/helpers.tsx","Inconsistent naming convention","The code uses both single and double quotes for string literals. It's better to stick to a consistent naming convention throughout the codebase.","Inconsistent string literal quotes","The change switches from single quotes to double quotes for the STORAGE_KEY string literal, introducing inconsistency with the rest of the codebase which predominantly uses single quotes.",,
P28,"ghost/i18n/locales/zh/ghost.json","Inconsistent translation of 'Name'","In ghost.json line 27, 'Name' is translated as '名字', but in portal.json line 86, 'Name' is translated as '名称'. This inconsistency could confuse users or developers. Both are valid translations, but consistency within the same locale improves user experience.","Minor translation inconsistencies","Some translations seem to be inconsistent or slightly different from their original versions. While this may not be a major issue, it could potentially cause confusion for users.",,
P29,"src/Components/WebAssembly/WebAssembly.Authentication/src/RemoteAuthenticatorViewCore.cs","Logic change removes backward compatibility fallback without clear justification","The ProcessLogOut method previously had a fallback mechanism that checked `SignOutManager.ValidateSignOutState()` when `Navigation.HistoryEntryState` was null. This fallback has been removed entirely, replacing the conditional logic with a simple call to `ValidateSignOutRequestState()`. The comment explicitly stated this was for backward compatibility. Removing this without a migration path could break existing applications that rely on the SignOutManager-based validation.","Update of Authentication Logic","The update of authentication logic appears to be removing obsolete code and improving the overall flow. However, it's crucial to ensure that the new logic is correct and does not introduce any security vulnerabilities.",,
P30,"src/Components/test/E2ETest/ServerRenderingTests/RedirectionTest.cs","Test method attribute change","The test method attribute has been changed from [Fact] to [TestMethod], which may affect the test framework.","Unused imports added","Two new imports were added: `Microsoft.AspNetCore.InternalTesting` and `Microsoft.VisualStudio.TestTools.UnitTesting`. The MSTest import is used for [TestMethod], but [QuarantinedTest] usage suggests InternalTesting is needed. However, these imports conflict with the existing xUnit framework usage.",,
P31,"src/cart.ts","Falsy check may hide bugs","The condition `if (!items)` treats `null`, `undefined`, `0`, `false`, `''`, etc., as invalid and returns 0. While `null`/`undefined` handling is good, other falsy values (like `0` or empty string) are unlikely but could mask unexpected inputs.","Missing array type check before reduce","The guard `if (!items) return 0;` only checks for falsy values (null, undefined, 0, '', false, etc.), but does not verify that `items` is an array. If `items` is a non-array truthy value (e.g., a number, string, or object), calling `reduce` will throw a runtime error.",,
P32,"src/cart.ts","Missing type annotations and incomplete null-safety","The function parameter `items` lacks type annotation. The null-check only guards against falsy values (null, undefined, false, 0, '', NaN) but doesn't validate that `items` is actually an array. If a non-array truthy value is passed, the `.reduce()` call will fail at runtime.","Missing type check for items","The function assumes that items is an array of objects with a price property, but it does not check for this. If items is not an array or if its elements do not have a price property, the function may throw an error or return incorrect results.",,
P33,"apps/activitypub/src/api/activitypub.ts","Inconsistent handle validation","The confirmBlueskyHandle method converts json.handle to a string without checking if it's null/undefined first. If json.handle is null, String(null) returns 'null' as a string, which may not be the intended empty string behavior.","Inconsistent handle validation","The confirmBlueskyHandle method converts the handle to a string using String(), which could convert null or undefined to 'null' or 'undefined' strings rather than returning an empty string as expected by the calling code.",,
P34,"apps/activitypub/src/views/Preferences/components/BlueskySharing.tsx","Missing error handling in enable mutation","The enableBlueskyMutation.mutateAsync() is called without a try-catch block. If the mutation fails, the error will be unhandled, and the UI may remain in a loading state indefinitely.","Missing loading state reset on error","If enableBlueskyMutation.mutateAsync() throws an error, the loading state remains true and the UI may be stuck. The error handling in the mutation's onError doesn't reset the component's loading state.",,
P35,"apps/admin-x-framework/src/utils/stats-config.ts","Inconsistent URL construction for versioned endpoints","The URL construction prepends the version before the endpoint name (e.g., 'v2_api_kpis'), but the Tinybird service expects the version suffix (e.g., 'api_kpis_v2'). This mismatch will cause 404 errors when calling versioned endpoints.","Inconsistent version suffix construction","The version suffix is prepended to the endpoint name (e.g., 'v2_api_kpis'), but the Tinybird service expects the version to be appended (e.g., 'api_kpis_v2'). This mismatch will cause 404 errors when the version is configured.",,
P36,"apps/posts/src/views/comments/components/comments-list.tsx","Memory leak from window resize listener","The CommentContent component adds a window resize listener in useEffect but the cleanup function only removes it on component unmount. If the component is rendered many times in a virtual list, multiple listeners could accumulate before being cleaned up, causing performance degradation.","Memory leak from window resize listener","The CommentContent component adds a window resize listener in useEffect but the cleanup function only removes it on component unmount. If the component is rendered many times in a virtual list, multiple listeners could accumulate before being cleaned up, causing performance degradation.",,
P37,"apps/shade/src/components/ui/filters.tsx","Empty UI labels break accessibility and usability","Setting `addFilterTitle` to an empty string removes the title attribute/tooltip, reducing accessibility and user guidance.","Empty default labels may harm accessibility","Setting `addFilter` and `addFilterTitle` to empty strings removes screen reader text, potentially making the UI less accessible.",,
P38,"apps/shade/src/components/ui/filters.tsx","Use of `var` instead of `const`/`let`","Using `var` is outdated and can cause scoping issues; modern JavaScript uses `const` or `let`.","Use of var instead of const","Using 'var' instead of 'const' or 'let' is outdated and scopes the variable to the function, which could lead to unintended hoisting or reassignment. It's a bug-prone pattern in modern JavaScript.",,
P39,"eng/common/internal-feed-operations.ps1","Invoke-WebRequest without error handling","The Invoke-WebRequest cmdlet is used without error handling. It is recommended to add try-catch blocks to handle potential exceptions.","Invoke-WebRequest without error handling","The Invoke-WebRequest cmdlet is used without error handling. It's a good practice to handle potential errors that may occur during the web request.",,
P40,"ghost/core/core/server/data/tinybird/endpoints/api_kpis.pipe","Removed filtering by device, browser, and OS","The filtering by device, browser, and operating system has been removed from the api_kpis.pipe file. This change may affect the functionality of the application.","Removed filtering by device, browser, and OS","The filtering by device, browser, and operating system has been removed from the api_kpis.pipe file. This change may affect the functionality of the application.",,
P41,"ghost/core/core/server/services/email-service/DomainWarmingService.ts","Missing error handling for date parsing","The code assumes that res.data[0].get('created_at') is a valid date string. If it's null, undefined, or malformed, new Date() will produce an invalid date, leading to NaN in the calculation. This could cause unexpected behavior in the warmup limit calculation.","No handling for missing created_at field","The code assumes the created_at field exists and is a valid date string. If it's missing or malformed, new Date() could return an invalid date, leading to NaN in calculations.",,
P42,"ghost/core/core/server/services/member-welcome-emails/jobs/index.js","Incorrect scheduling condition","The condition has been changed from `!hasScheduled.processOutbox` to `hasScheduled.processOutbox`, which means the job will only be scheduled if it has already been scheduled (causing the job to never be scheduled initially). This is likely a logic error.","Job scheduling condition inverted","The condition for scheduling the job has been changed from `!hasScheduled.processOutbox` to `hasScheduled.processOutbox`. This means the job will only be scheduled if it has already been scheduled (hasScheduled.processOutbox is true), which is the opposite of the intended behavior. This will prevent the job from ever being scheduled.",,
P43,"ghost/core/core/server/services/members/members-api/repositories/MemberRepository.js","Unnecessary variable declaration style change","The variable declaration changed from `let member;` to `var member;`. This is a step backward in code quality—`var` has function-level scope and is considered an anti-pattern in modern JavaScript. The codebase appears to use `let` consistently.","Use of var instead of let","The variable `member` is declared with `var` instead of `let` or `const`. This is inconsistent with modern JavaScript practices and could lead to scoping issues if the code is refactored.",,
P44,"ghost/core/core/shared/config/env/config.development.json","Config change","The config option for using RPC ping has been removed. This is consistent with the removal of the XML-RPC service.","Config change","The config option for using RPC ping has been removed. This is consistent with the removal of the XML-RPC service.",,
P45,"src/Components/Components/src/Routing/Router.cs","Removal of Obsolete APIs","The removal of obsolete APIs can potentially introduce breaking changes if they are still in use. It's essential to verify that these APIs are not being used elsewhere in the codebase.","Removed Obsolete APIs","The removal of obsolete APIs is a good practice, but it's crucial to ensure that these removals do not introduce any breaking changes.",,
P46,"src/Components/Web/src/Forms/InputFile/RemoteBrowserFileStreamOptions.cs","Deletion of Classes","The deletion of classes can potentially introduce breaking changes if they are still in use. It's essential to verify that these classes are not being used elsewhere in the codebase.","Deletion of Classes","The deletion of classes can potentially introduce breaking changes if they are still in use. It's essential to verify that these classes are not being used elsewhere in the codebase.",,
P47,"src/Components/WebAssembly/WebAssembly.Authentication/test/RemoteAuthenticatorCoreTests.cs","Removal of Test Coverage for Obsolete API","The test `AuthenticationManager_Logout_RedirectsToFailureOnInvalidSignOutState` was removed along with the TestSignOutSessionStateManager class. This test was validating the fallback behavior when SignOutState validation failed. Removing this test means there's no coverage for the scenario it was testing.","Test removal without verification of replacement coverage","The test `AuthenticationManager_Logout_RedirectsToFailureOnInvalidSignOutState` has been removed along with the `TestSignOutSessionStateManager` test helper class. This test specifically validated the backward compatibility fallback that was removed from the main code. Without this test, there is no verification that the new logic handles all edge cases that the old code did.",,
P48,"src/Shared/CertificateGeneration/UnixCertificateManager.cs","Potential NullReferenceException","The code assumes that the environment variable 'SSL_CERT_DIR' is always set, but it may be null if it's not defined. This could lead to a NullReferenceException when trying to split the value.","Potential NullReferenceException","The code assumes that the environment variable 'SSL_CERT_DIR' is always set, but it may be null if it's not defined. This could lead to a NullReferenceException when trying to split the value.",,
P49,"apps/activitypub/src/hooks/use-activity-pub-queries.ts","Inconsistent error handling in confirmBlueskyHandle mutation","The `useConfirmBlueskyHandleMutationForUser` has an `onError` handler that checks for `error.statusCode === 429`, but the error type annotation `{message: string, statusCode: number}` is not validated. If the error object has a different structure, this could fail silently.","Missing Invalidation of Account Follows Query","The `useConfirmBlueskyHandleMutationForUser` hook is missing the invalidation of the account follows query, which could lead to stale data being displayed.",,
P50,"apps/activitypub/src/hooks/use-activity-pub-queries.ts","Inconsistent error handling in confirmBlueskyHandle mutation","The `useConfirmBlueskyHandleMutationForUser` has an `onError` handler that checks for `error.statusCode === 429`, but the error type annotation `{message: string, statusCode: number}` is not validated. If the error object has a different structure, this could fail silently.","Missing query invalidation after handle confirmation","The onSuccess handler for useConfirmBlueskyHandleMutationForUser updates the cache but does not invalidate the accountFollows query, which should be refreshed when the handle is confirmed (similar to enable/disable mutations). This could cause stale follow data to persist in the UI.",,